Ürün Kodu,Ürün Adı,Renk,Monamise Satış Fiyatı,İndirim Oranı (%),Monamise İndirimli Net Satış Fiyatı
18K18154,Sırtı Dekolteli Tüllü ve Dantelli Pijama Takımı,SİYAH,"2601,9",30.00,"1821,33"
18K18155,Dekolteli Yakası ve Kolu Dantelli Sabahlık Takımı,SİYAH,"3061,9",30.00,"2143,33"
18K18200,Kolu Omzu ve Yakası Dantelli Önü Düğmeli Gecelik,EKRU,"2021,9",30.00,"1415,33"
18K18201,Yakası ve Omzu Dantelli Önü Boydan Düğmeli Pijama Takımı,EKRU,"2731,9",30.00,"1912,33"
18K18202,Dantelli Önü Düğmeli Hamile Lohusa Sabahlık Takımı,EKRU,"3621,9",30.00,"2535,33"
18K18203,Dantelli Önü Düğmeli Hamile Lohusa 3'lü Pijama Takımı,EKRU,"3855,9",30.00,"2699,13"
18K18208,Kolu Omzu ve Yakası Dantelli Önü Düğmeli Gecelik,LACİVERT,"2021,9",30.00,"1415,33"
18K18209,Yakası ve Omzu Dantelli Önü Boydan Düğmeli Pijama Takımı,LACİVERT,"2731,9",30.00,"1912,33"
18K18210,Dantelli Önü Düğmeli Hamile Lohusa Sabahlık Takımı,LACİVERT,"3621,9",30.00,"2535,33"
18K18211,Dantelli Önü Düğmeli Hamile Lohusa 3'lü Pijama Takımı,LACİVERT,"3855,9",30.00,"2699,13"
18K18231,Yakası Kolu ve Omzu Dantelli Önü Düğmeli Pijama Takımı,LACİVERT,"2527,9",30.00,"1769,53"
18K18233,Yakası Kolu ve Omzu Dantelli Önü Düğmeli Pijama Takımı,EKRU,"2527,9",30.00,"1769,53"
18K18300,Dantelli Önü Düğmeli Hamile Lohusa Gecelik,EKRU,"2331,9",30.00,"1632,33"
18K18302,Dantelli Önü Düğmeli Hamile Lohusa Gecelik,LACİVERT,"2331,9",30.00,"1632,33"
18K18303,Dantelli Önü Düğmeli Hamile Lohusa Pijama Takımı,EKRU,"2719,9",30.00,"1903,93"
18K18305,Dantelli Önü Düğmeli Hamile Lohusa Pijama Takımı,LACİVERT,"2719,9",30.00,"1903,93"
18K18403,Kolu Omzu ve Yakası Dantelli Önü Düğmeli Gecelik,BORDO,"2123,9",30.00,"1486,73"
18K18404,Kolu Omzu ve Yakası Dantelli Önü Düğmeli Gecelik,LACİVERT,"2123,9",30.00,"1486,73"
18K18406,Kolu Omzu ve Yakası Dantelli Önü Düğmeli Gecelik,SİYAH,"2123,9",30.00,"1486,73"
18K18407,Kolu Omzu ve Yakası Dantelli Önü Düğmeli Gecelik,EKRU,"2123,9",30.00,"1486,73"
18K18408,Göğüs ve Sırt Dekolteli Dantelli Yırtmaçlı Askılı Gecelik,LACİVERT,"2121,9",30.00,"1485,33"
18K18420,Yakası Kolu ve Omzu Dantelli Önü Düğmeli Pijama Takımı,BORDO,"2527,9",30.00,"1769,53"
18K18422,Yakası ve Omzu Dantelli Önü Düğmeli Pijama Takımı,SİYAH,"2527,9",30.00,"1769,53"
18K18426,Yakası ve Omzu Dantelli Önü Düğmeli Pijama Takımı,SİYAH,"2731,9",30.00,"1912,33"
18K18427,Kolu Omzu ve Yakası Dantelli Önü Düğmeli Gecelik,SİYAH,"2021,9",30.00,"1415,33"
18K18428,Dantelli Hamile Lohusa Sabahlık Takımı,LACİVERT,"3583,9",30.00,"2508,73"
18K18429,Dantelli Hamile Lohusa Sabahlık Takımı,EKRU,"3583,9",30.00,"2508,73"
18K18430,Dantelli Hamile Lohusa Sabahlık Takımı,VİZON,"3583,9",30.00,"2508,73"
18K18431,Dantelli Hamile Lohusa 3'lü Pijama Takımı,VİZON,"3883,9",30.00,"2718,73"
18K18432,Dantelli Hamile Lohusa 3'lü Pijama Takımı,LACİVERT,"3883,9",30.00,"2718,73"
18K18433,Dantelli Hamile Lohusa 3'lü Pijama Takımı,EKRU,"3883,9",30.00,"2718,73"
18K18434,Yakası Kolu ve Omzu Dantelli Boydan Düğmeli Pijama Takımı,VİZON,"2731,9",30.00,"1912,33"
18K18435,Kolu Omzu ve Yakası Dantelli Önü Düğmeli Gecelik,VİZON,"2021,9",30.00,"1415,33"
18K18436,Kolu Omzu ve Yakası Dantelli Önü Düğmeli Gecelik,VİZON,"2123,9",30.00,"1486,73"
18K18437,Yakası Kolu ve Omzu Dantelli Önü Düğmeli Pijama Takımı,VİZON,"2527,9",30.00,"1769,53"
18K18438,Dantelli Önü Düğmeli Hamile Lohusa Sabahlık Takımı,VİZON,"3621,9",30.00,"2535,33"
18K18439,Dantelli Önü Düğmeli Hamile Lohusa Gecelik,VİZON,"2331,9",30.00,"1632,33"
18K18440,Dantelli Önü Düğmeli Hamile Lohusa Pijama Takımı,VİZON,"2719,9",30.00,"1903,93"
18K18441,Dantelli Önü Düğmeli Hamile Lohusa 3'lü Pijama Takımı,VİZON,"3855,9",30.00,"2699,13"
18K18442,Göğsü ve Sırtı Dekolteli Dantelli Yırtmaçlı Gecelik,VİZON,"2121,9",30.00,"1485,33"
18K18454,Kolu Omzu ve Yakası Dantelli Önü Düğmeli Büyük Beden Gecelik,LACİVERT,"2229,9",30.00,"1560,93"
18K18455,Kolu Omzu ve Yakası Dantelli Önü Düğmeli Büyük Beden Gecelik,EKRU,"2229,9",30.00,"1560,93"
18K18456,Kolu Omzu ve Yakası Dantelli Önü Düğmeli Büyük Beden Gecelik,VİZON,"2229,9",30.00,"1560,93"
18K18457,Kolu Omzu ve Yakası Dantelli Önü Düğmeli Büyük Beden Gecelik,SİYAH,"2229,9",30.00,"1560,93"
18K18458,Kolu Omzu ve Yakası Dantelli Önü Düğmeli Büyük Beden Gecelik,BORDO,"2229,9",30.00,"1560,93"
18K18459,Dekolteli Yakası ve Kolu Dantelli Sabahlık Takımı,EKRU,"3061,9",30.00,"2143,33"
18K18460,Göğüs ve Sırt Dekolteli Dantelli Yırtmaçlı Gecelik,EKRU,"2003,9",30.00,"1402,73"
18K18461,Göğüs ve Sırt Dekolteli Dantelli Yırtmaçlı Gecelik,SİYAH,"2003,9",30.00,"1402,73"
18K18462,Kolu Omzu ve Yakası Dantelli Önü Düğmeli Gecelik,AÇIK YEŞİL,"2021,9",30.00,"1415,33"
18K18463,Kolu Omzu ve Yakası Dantelli Önü Düğmeli Gecelik,AÇIK YEŞİL,"2123,9",30.00,"1486,73"
18K18464,Göğüs ve Sırt Dekolteli Dantelli Yırtmaçlı Askılı Gecelik,AÇIK YEŞİL,"2121,9",30.00,"1485,33"
18K18465,Kısa Kollu V Yakalı Dantelli Pijama Takımı,AÇIK YEŞİL,"2473,9",30.00,"1731,73"
18K18467,Dantelli Önü Düğmeli Hamile Lohusa Sabahlık Takımı,AÇIK YEŞİL,"3621,9",30.00,"2535,33"
18K18468,Dantelli Önü Düğmeli Hamile Lohusa 3'lü Pijama Takımı,AÇIK YEŞİL,"3855,9",30.00,"2699,13"
18K18469,Dantelli Hamile Lohusa 3'lü Pijama Takımı,AÇIK YEŞİL,"3883,9",30.00,"2718,73"
18K18470,Dantelli Hamile Lohusa Sabahlık Takımı,AÇIK YEŞİL,"3583,9",30.00,"2508,73"
18K18480,Kolu Omzu ve Yakası Dantelli Önü Düğmeli Gecelik,KIRMIZI,"2021,9",30.00,"1415,33"
18K18481,Kolu Omzu ve Yakası Dantelli Önü Düğmeli Gecelik,KIRMIZI,"2123,9",30.00,"1486,73"
18K18482,Göğüs ve Sırt Dekolteli Dantelli Yırtmaçlı Askılı Gecelik,KIRMIZI,"2121,9",30.00,"1485,33"
18K18484,Kısa Kollu V Yakalı Dantelli Pijama Takımı,LACİVERT,"2473,9",30.00,"1731,73"
18K18485,Göğüs ve Sırt Dekoteli Brode Dantelli Yırtmaçlı Gecelik,HAKİ,"2121,9",30.00,"1485,33"
18K18486,Kısa Kollu V Yakalı Dantelli Pijama Takımı,VİZON,"2473,9",30.00,"1731,73"
18K18487,Yakası Kolu ve Omzu Dantelli Önü Düğmeli Gecelik,HAKİ,"2123,9",30.00,"1486,73"
18K18488,Kısa Kollu V Yakalı Dantelli Pijama Takımı,HAKİ,"2473,9",30.00,"1731,73"
18K18491,Göğüs ve Sırt Dekolteli Dantelli Yırtmaçlı Gecelik,KIRMIZI,"2319,9",30.00,"1623,93"
18K18492,Göğüs ve Sırt Dekolteli Dantelli Yırtmaçlı Gecelik,SİYAH,"2319,9",30.00,"1623,93"
18K18493,Göğüs ve Sırt Dekolteli Dantelli Yırtmaçlı Gecelik,HAKİ,"2319,9",30.00,"1623,93"
18K18494,Kısa Kollu V Yakalı Dantelli Pijama Takımı,SİYAH,"2473,9",30.00,"1731,73"
18K18495,Kısa Kollu V Yakalı Dantelli Pijama Takımı,KIRMIZI,"2473,9",30.00,"1731,73"
18K18507,Dekolteli Yakası ve Kolu Dantelli Sabahlık Takımı,SİYAH,"3325,9",30.00,"2328,13"
18K18508,Göğüs ve Sırt Dekoteli Brode Dantelli Yırtmaçlı Gecelik,KAHVE,"2121,9",30.00,"1485,33"
18K18509,Yakası Kolu ve Omzu Dantelli Önü Düğmeli Pijama Takımı,KAHVE,"2527,9",30.00,"1769,53"
18K18510,Yakası Kolu ve Omzu Dantelli Önü Düğmeli Gecelik,KAHVE,"2021,9",30.00,"1415,33"
18K18511,Yakası Kolu ve Omzu Dantelli Önü Düğmeli Gecelik,KAHVE,"2123,9",30.00,"1486,73"
18K18512,Kısa Kollu V Yakalı Dantelli Pijama Takımı,KAHVE,"2473,9",30.00,"1731,73"
18K18513,Kısa Kollu V Yakalı Dantelli Pijama Takımı,EKRU,"2473,9",30.00,"1731,73"
18K18519,Dekolteli Yakası ve Kolu Dantelli Sabahlık Takımı,EKRU,"3325,9",30.00,"2328,13"
18K18520,Dekolteli Yakası ve Kolu Dantelli Sabahlık Takımı,KIRMIZI,"3325,9",30.00,"2328,13"
18K18522,Dantelli Hamile Lohusa Sabahlık Takımı,YEŞİL,"3583,9",30.00,"2508,73"
18K18523,Dantelli Hamile Lohusa 3'lü Pijama Takımı,YEŞİL,"3883,9",30.00,"2718,73"
18K18529,Kolu Omzu ve Yakası Dantelli Önü Düğmeli Gecelik,HAKİ,"2021,9",30.00,"1415,33"
18K18533,Göğüs ve Sırt Dekoteli Brode Dantelli Yırtmaçlı Gecelik,EKRU,"2121,9",30.00,"1485,33"
18K18534,Dantelli Önü Düğmeli Hamile Lohusa Sabahlık Takımı,YEŞİL,"3621,9",30.00,"2535,33"
18K18535,Dantelli Önü Düğmeli Hamile Lohusa 3'lü Pijama Takımı,YEŞİL,"3855,9",30.00,"2699,13"
18K18536,Dantelli Önü Düğmeli Hamile Lohusa Gecelik,YEŞİL,"2331,9",30.00,"1632,33"
18K18537,Yakası Omzu ve Paçası Dantelli Boydan Düğmeli Pijama Takımı,YEŞİL,"2731,9",30.00,"1912,33"
18K18538,Kolu Omzu ve Yakası Dantelli Önü Düğmeli Gecelik,YEŞİL,"2123,9",30.00,"1486,73"
18K18539,Yakası ve Sırtı Dekolteli Dantelli Yırtmaçlı Gecelik,YEŞİL,"2121,9",30.00,"1485,33"
18K18540,Yakası Kolu ve Omzu Dantelli Önü Düğmeli Pijama Takımı,YEŞİL,"2527,9",30.00,"1769,53"
18K18541,Kısa Kollu V Yakalı Dantelli Pijama Takımı,YEŞİL,"2473,9",30.00,"1731,73"
18K18542,Kolu Omzu ve Yakası Dantelli Önü Düğmeli Gecelik,YEŞİL,"2021,9",30.00,"1415,33"
18K18543,Kolu Omzu ve Yakası Dantelli Önü Düğmeli Büyük Beden Gecelik,YEŞİL,"2229,9",30.00,"1560,93"
18K18544,Göğüs ve Sırt Dekolteli Dantelli Yırtmaçlı Gecelik,YEŞİL,"2319,9",30.00,"1623,93"
18K18545,Dekolteli Yakası ve Kolu Dantelli Sabahlık Takımı,YEŞİL,"3061,9",30.00,"2143,33"
18K18546,Dantelli ve Kuşaklı Sabahlık,YEŞİL,"2417,9",30.00,"1692,53"
18K18547,Dekolteli Yakası ve Kolu Dantelli Sabahlık Takımı,LACİVERT,"3325,9",30.00,"2328,13"
18K18548,Dekolteli Yakası ve Kolu Dantelli Sabahlık Takımı,LACİVERT,"3061,9",30.00,"2143,33"
18K18549,Dantelli ve Kuşaklı Sabahlık,LACİVERT,"2417,9",30.00,"1692,53"
18K18550,Dekolteli Yakası ve Kolu Dantelli Sabahlık Takımı,KAHVE,"3325,9",30.00,"2328,13"
18K18551,Dekolteli Yakası ve Kolu Dantelli Sabahlık Takımı,KAHVE,"3061,9",30.00,"2143,33"
18K18552,Dantelli ve Kuşaklı Sabahlık,KAHVE,"2417,9",30.00,"1692,53"
18K18553,Dantelli ve Kuşaklı Sabahlık,EKRU,"2417,9",30.00,"1692,53"
18K18554,Dantelli ve Kuşaklı Sabahlık,KIRMIZI,"2417,9",30.00,"1692,53"
18K18555,Dantelli ve Kuşaklı Sabahlık,SİYAH,"2417,9",30.00,"1692,53"
18K18556,Dekolteli Yakası ve Kolu Dantelli Sabahlık Takımı,YEŞİL,"3325,9",30.00,"2328,13"
18K18557,Dekolteli Yakası ve Kolu Dantelli Sabahlık Takımı,KIRMIZI,"3061,9",30.00,"2143,33"
18K18558,Yakası ve Sırtı Dekolteli Dantelli Yırtmaçlı Gecelik,LİLA,"2121,9",30.00,"1485,33"
18K18559,Göğüs ve Sırt Dekolteli Dantelli Yırtmaçlı Gecelik,LİLA,"2319,9",30.00,"1623,93"
18K18560,Kısa Kollu V Yakalı Dantelli Pijama Takımı,LİLA,"2473,9",30.00,"1731,73"
18K18561,Yakası Dantelli Kısa Kollu Gecelik,LİLA,"2151,9",30.00,"1506,33"
18K18562,Kısa Kollu Dantelli V Yaka Şort Takımı,LİLA,"2205,9",30.00,"1544,13"
18K18563,Dekolteli Yakası ve Kolu Dantelli Sabahlık Takımı,LİLA,"3061,9",30.00,"2143,33"
18K18564,Dekolteli Yakası ve Kolu Dantelli Sabahlık Takımı,LİLA,"3325,9",30.00,"2328,13"
18K18565,Kolu Omzu ve Yakası Dantelli Önü Düğmeli Gecelik,LİLA,"2123,9",30.00,"1486,73"
18K18566,Kolu Omzu ve Yakası Dantelli Önü Düğmeli Gecelik,LİLA,"2021,9",30.00,"1415,33"
18K18567,Yakası ve Sırtı Dekolteli Dantelli Yırtmaçlı Gecelik,MOR,"2121,9",30.00,"1485,33"
18K18568,Göğüs ve Sırt Dekolteli Dantelli Yırtmaçlı Gecelik,MOR,"2319,9",30.00,"1623,93"
18K18569,Kısa Kollu V Yakalı Dantelli Pijama Takımı,MOR,"2473,9",30.00,"1731,73"
18K18570,Yakası Dantelli Kısa Kollu Gecelik,MOR,"2151,9",30.00,"1506,33"
18K18571,Kısa Kollu Dantelli V Yaka Şort Takımı,MOR,"2205,9",30.00,"1544,13"
18K18572,Dekolteli Yakası ve Kolu Dantelli Sabahlık Takımı,MOR,"3061,9",30.00,"2143,33"
18K18573,Dekolteli Yakası ve Kolu Dantelli Sabahlık Takımı,MOR,"3325,9",30.00,"2328,13"
18K18574,Kolu Omzu ve Yakası Dantelli Önü Düğmeli Gecelik,MOR,"2123,9",30.00,"1486,73"
18K18575,Kolu Omzu ve Yakası Dantelli Önü Düğmeli Gecelik,MOR,"2021,9",30.00,"1415,33"
18K18576,Yakası Dantelli Kısa Kollu Gecelik,YEŞİL,"2151,9",30.00,"1506,33"
18K18577,Kısa Kollu Dantelli V Yaka Şort Takımı,YEŞİL,"2205,9",30.00,"1544,13"
18K18580,Yakası Dantelli Kısa Kollu Gecelik,SİYAH,"2151,9",30.00,"1506,33"
18K18581,Kısa Kollu Dantelli V Yaka Şort Takımı,SİYAH,"2205,9",30.00,"1544,13"
18K18582,Yakası Dantelli Kısa Kollu Gecelik,VİZON,"2151,9",30.00,"1506,33"
18K18583,Kısa Kollu Dantelli V Yaka Şort Takımı,VİZON,"2205,9",30.00,"1544,13"
18K18584,Yakası Dantelli Kısa Kollu Gecelik,BORDO,"2151,9",30.00,"1506,33"
18K18585,Kısa Kollu Dantelli V Yaka Şort Takımı,BORDO,"2205,9",30.00,"1544,13"
18K18586,Kısa Kollu V Yakalı Dantelli Pijama Takımı,BORDO,"2473,9",30.00,"1731,73"
18K18587,Yakası Dantelli Kısa Kollu Gecelik,LACİVERT,"2151,9",30.00,"1506,33"
18K18588,Kısa Kollu Dantelli V Yaka Şort Takımı,LACİVERT,"2205,9",30.00,"1544,13"
18K18589,Yakası Dantelli Kısa Kollu Gecelik,KAHVE,"2151,9",30.00,"1506,33"
18K18590,Kısa Kollu Dantelli V Yaka Şort Takımı,KAHVE,"2205,9",30.00,"1544,13"
18K18591,Yakası Dantelli Kısa Kollu Gecelik,AÇIK YEŞİL,"2151,9",30.00,"1506,33"
18K18592,Kısa Kollu Dantelli V Yaka Şort Takımı,AÇIK YEŞİL,"2205,9",30.00,"1544,13"
18K18593,Yakası Dantelli Kısa Kollu Gecelik,HAKİ,"2151,9",30.00,"1506,33"
18K18594,Kısa Kollu Dantelli V Yaka Şort Takımı,HAKİ,"2205,9",30.00,"1544,13"
18K18595,Yakası Dantelli Kısa Kollu Gecelik,KIRMIZI,"2151,9",30.00,"1506,33"
18K18596,Kısa Kollu Dantelli V Yaka Şort Takımı,KIRMIZI,"2205,9",30.00,"1544,13"
18K18597,Dantelli Önü Düğmeli Hamile Lohusa Gecelik,YEŞİL,"2253,9",30.00,"1577,73"
18K18598,Dantelli Önü Düğmeli Hamile Lohusa Gecelik,LACİVERT,"2253,9",30.00,"1577,73"
18K18599,Dantelli Önü Düğmeli Hamile Lohusa Gecelik,VİZON,"2253,9",30.00,"1577,73"
18K18600,Dantelli Önü Düğmeli Hamile Lohusa Gecelik,AÇIK YEŞİL,"2253,9",30.00,"1577,73"
18K18601,Yakası Dantelli Kısa Kollu Gecelik,EKRU,"2151,9",30.00,"1506,33"
18K18602,Kısa Kollu Dantelli V Yaka Şort Takımı,EKRU,"2205,9",30.00,"1544,13"
18K18603,Dantelli Önü Düğmeli Hamile Lohusa Gecelik,EKRU,"2253,9",30.00,"1577,73"
18K18604,Dantel Detaylı Kısa Kollu ve Önü Düğmeli Gecelik,VİZON,"2115,9",30.00,"1481,13"
18K18605,Yakası Kolu Omzu ve Etek Ağzı Dantelli Önü Düğmeli Gecelik,VİZON,"2115,9",30.00,"1481,13"
18K18606,Dantel Detaylı Kısa Kollu ve Önü Düğmeli Gecelik,KAHVE,"2115,9",30.00,"1481,13"
18K18607,Yakası Kolu Omzu ve Eteği Dantelli Önü Düğmeli Gecelik,KAHVE,"2115,9",30.00,"1481,13"
18K18608,Dantel Detaylı Kısa Kollu ve Önü Düğmeli Gecelik,GRİ,"2115,9",30.00,"1481,13"
18K18609,Yakası Kolu ve Omzu ve Eteği Dantelli Önü Düğmeli Gecelik,GRİ,"2115,9",30.00,"1481,13"
18K18634,Yakası Kolu ve Omzu Dantelli Boydan Düğmeli Pijama Takımı,GRİ,"2731,9",30.00,"1912,33"
18K18635,Kolu Omzu ve Yakası Dantelli Önü Düğmeli Gecelik,GRİ,"2123,9",30.00,"1486,73"
18K18637,Yakası Kolu ve Omzu Dantelli Önü Düğmeli Pijama Takımı,GRİ,"2527,9",30.00,"1769,53"
18K18638,Kısa Kollu V Yakalı Dantelli Pijama Takımı,GRİ,"2473,9",30.00,"1731,73"
18K18639,Kolu Omzu ve Yakası Dantelli Önü Düğmeli Gecelik,GRİ,"2021,9",30.00,"1415,33"
18K18640,Yakası Dantelli Kısa Kollu Gecelik,GRİ,"2151,9",30.00,"1506,33"
18K18641,Kısa Kollu Dantelli V Yaka Şort Takımı,GRİ,"2205,9",30.00,"1544,13"
18K18642,Dantelli Önü Düğmeli Hamile Lohusa Gecelik,GRİ,"2253,9",30.00,"1577,73"
18K18669,Dantelli Önü Düğmeli Hamile Lohusa 3'lü Pijama Takımı,GRİ,"3855,9",30.00,"2699,13"
18K18670,Dantelli Önü Düğmeli Hamile Lohusa Sabahlık Takımı,GRİ,"3621,9",30.00,"2535,33"
18K18671,Dantelli Hamile Lohusa 3'lü Pijama Takımı,GRİ,"3883,9",30.00,"2718,73"
18K18672,Dantelli Hamile Lohusa Sabahlık Takımı,GRİ,"3583,9",30.00,"2508,73"
19K19150,Dekolteli Brode Dantelli Sabahlık Takımı,EKRU,"3943,9",30.00,"2760,73"
19K19151,Dekolteli Brode Dantelli Şort Takımı,EKRU,"2433,9",30.00,"1703,73"
19K19152,Önü Düğmeli Brode Dantelli Pijama Takımı,EKRU,"3015,9",30.00,"2111,13"
19K19152B,Önü Düğmeli Brode Dantelli Büyük Beden Pijama Takımı,EKRU,"1443,9",30.00,"1010,73"
19K19153,Önü Düğmeli Brode Dantelli Kısa Kollu Gecelik,EKRU,"2783,9",30.00,"1948,73"
19K19153B,Önü Düğmeli Brode Dantelli Kısa Kollu Büyük Beden Gecelik,EKRU,"1305,9",30.00,"914,13"
19K19154,Önü Düğmeli Brode Dantelli Kapri Takımı,EKRU,"1689,9",30.00,"1182,93"
19K19154B,Önü Düğmeli Brode Dantelli Büyük Beden Kapri Takımı,EKRU,"1815,9",30.00,"1271,13"
19K19173,Göğüs ve Sırt Dekolteli Brode Dantelli Şort Takımı,EKRU,"2263,9",30.00,"1584,73"
19K19174,Göğüs ve Sırt Dekolteli Brode Dantelli Yırtmaçlı Gecelik,EKRU,"2227,9",30.00,"1559,53"
19K19190,Dekolteli Yırtmaçlı Brode Dantelli Sabahlık Takımı,SİYAH,"3819,9",30.00,"2673,93"
19K19191,Dekolteli Brode Dantelli Askılı Şort Takımı,SİYAH,"2173,9",30.00,"1521,73"
19K19192,Yakası ve Sırtı Dekolteli Brode Dantelli Yırtmaçlı Gecelik,SİYAH,"2429,9",30.00,"1700,93"
19K19193,Yakası Detaylı Brode Dantelli Pijama Takımı,SİYAH,"2895,9",30.00,"2027,13"
19K19194,Yakası Detaylı Brode Dantelli Yırtmaçlı Gecelik,SİYAH,"2423,9",30.00,"1696,73"
19K19195,Dekolteli Brode Dantelli Yırtmaçlı Gecelik,SİYAH,"2709,9",30.00,"1896,93"
19K19226,Yakası ve Sırtı Dekolteli Dantelli Yırtmaçlı Gecelik,BORDO,"2121,9",30.00,"1485,33"
19K19229,Yakası ve Omzu Dantelli Önü Düğmeli Gecelik,BORDO,"2021,9",30.00,"1415,33"
19K19230,Yakası Omzu ve Paçası Dantelli Boydan Düğmeli Pijama Takımı,BORDO,"2731,9",30.00,"1912,33"
19K19299,Dekolteli Yırtmaçlı Brode Dantelli Sabahlık Takımı,YEŞİL,"3789,9",30.00,"2652,93"
19K19300,Göğüs ve Sırt Dekolteli Brode Dantelli Yırtmaçlı Gecelik,YEŞİL,"2513,9",30.00,"1759,73"
19K19301,Dekolteli Brode Dantelli Askılı Şort Takımı,YEŞİL,"2257,9",30.00,"1580,53"
19K19302,Yakası Kolu ve Omzu Brode Dantelli Önü Düğmeli Gecelik,YEŞİL,"2401,9",30.00,"1681,33"
19K19303,Yakası Kolu ve Omzu Dantelli Önü Düğmeli Pijama Takımı,YEŞİL,"2897,9",30.00,"2028,53"
19K19304,Kolu Omzu ve Yakası Dantelli Önü Düğmeli Gecelik,YEŞİL,"2455,9",30.00,"1719,13"
19K19305,Göğüs ve Sırt Dekolteli Brode Dantelli Yırtmaçlı Gecelik,YEŞİL,"2627,9",30.00,"1839,53"
19K19306,Yakası ve Omzu Dantelli Önü Düğmeli Gecelik,YEŞİL,"1953,9",30.00,"1367,73"
19K19307,Yakası ve Omzu Dantelli Önü Boydan Düğmeli Pijama Takımı,YEŞİL,"2931,9",30.00,"2052,33"
19K19317,Göğüs ve Sırt Dekolteli Dantelli Şort Takımı,SİYAH,"2263,9",30.00,"1584,73"
19K19318,Göğüs ve Sırt Dekolteli Dantelli Yırtmaçlı Gecelik,SİYAH,"2227,9",30.00,"1559,53"
20Y20004,Göğüs ve Sırt Dekolteli Dantelli Yırtmaçlı Gecelik,SİYAH,"2121,9",30.00,"1485,33"
17K17301,Çiçek ve Yaprak Desenli Dekolteli Gecelik,RENKLİ,"703,9",35.00,"457,54"
17K18077,Beli Ayarlanabilir Kısa Kollu Gecelik,ANTRASİT,"702,9",35.00,"456,89"
17K18118,Kirpi ve Baykuş Desenli Önü Düğmeli Gecelik,KAR MELANJ,"714,9",35.00,"464,69"
18K18140,Koala Desenli ve Baskılı Sabahlık Takımı,MAVİ,"1006,9",35.00,"654,49"
18K18157,Çiçek Desenli Tüllü Dekolteli Sabahlık Takımı,BORDO,"917,9",35.00,"596,64"
18K18160,Çiçek Desenli Dantelli Dekolteli Sabahlık Takımı,YEŞİL,"924,9",35.00,"601,19"
18K18196,Dantelli Hamile Lohusa 3'lü Pijama Takımı,VİZON,"1604,9",35.00,"1043,19"
18K18204,Yakası Kolu ve Omzu Dantelli Önü Düğmeli Gecelik,VİZON,"793,9",35.00,"516,04"
18K18401,Çiçek Desenli Gömlek Yakalı Önü Boydan Düğmeli Pijama Takımı,MOR,"1215,9",35.00,"790,34"
18K18444,Kolu Omzu ve Yakası Dantelli Önü Düğmeli Gecelik,PEMBE,"1375,9",35.00,"894,34"
18K18445,Kolu Omzu ve Yakası Dantelli Önü Düğmeli Gecelik,PEMBE,"1433,9",35.00,"932,04"
18K18446,Yakası Kolu ve Omzu Dantelli Önü Düğmeli Pijama Takımı,PEMBE,"1682,9",35.00,"1093,89"
18K18448,Dantelli Önü Düğmeli Hamile Lohusa Gecelik,LACİVERT,"1727,9",30.00,"1209,53"
18K18449,Dantelli Önü Düğmeli Hamile Lohusa Gecelik,VİZON,"1727,9",30.00,"1209,53"
18K18450,Dantelli Önü Düğmeli Hamile Lohusa Gecelik,EKRU,"1727,9",30.00,"1209,53"
18K18453,Dantelli Hamile Lohusa Gecelik,LACİVERT,"1817,9",30.00,"1272,53"
18K18466,Önü Düğmeli Dantelli Hamile Lohusa Gecelik,AÇIK YEŞİL,"1727,9",30.00,"1209,53"
18K18474,Kısa Kollu V Yakalı Dantelli Pijama Takımı,PETROL MAVİSİ,"1635,9",35.00,"1063,34"
18K18475,Önü Düğmeli Dantelli Hamile Lohusa Gecelik,PETROL MAVİSİ,"1393,9",35.00,"906,04"
18K18489,Dantelli Hamile Lohusa Gecelik,EKRU,"1817,9",30.00,"1272,53"
18K18490,Dantelli Hamile Lohusa Gecelik,VİZON,"1817,9",30.00,"1272,53"
18K18496,Kısa Kollu Dantelli V Yaka Şort Takımı,SİYAH,"1791,9",30.00,"1254,33"
18K18497,Yakası Dantelli Kısa Kollu Gecelik,SİYAH,"1673,9",30.00,"1171,73"
18K18499,Kısa Kollu Dantelli V Yaka Şort Takımı,BORDO,"1791,9",30.00,"1254,33"
18K18500,Yakası Dantelli Kısa Kollu Gecelik,BORDO,"1673,9",30.00,"1171,73"
18K18502,Kısa Kollu Dantelli V Yaka Şort Takımı,LACİVERT,"1791,9",30.00,"1254,33"
18K18503,Yakası Dantelli Kısa Kollu Gecelik,LACİVERT,"1673,9",30.00,"1171,73"
18K18504,Yakası Dantelli Kısa Kollu Gecelik,VİZON,"1673,9",30.00,"1171,73"
18K18514,Kısa Kollu Dantelli V Yaka Şort Takımı,VİZON,"1791,9",30.00,"1254,33"
18K18515,Kısa Kollu Dantelli V Yaka Şort Takımı,AÇIK YEŞİL,"1791,9",30.00,"1254,33"
18K18516,Kısa Kollu Dantelli V Yaka Şort Takımı,KIRMIZI,"1791,9",30.00,"1254,33"
18K18517,Yakası Dantelli Kısa Kollu Gecelik,AÇIK YEŞİL,"1673,9",30.00,"1171,73"
18K18518,Yakası Dantelli Kısa Kollu Gecelik,KIRMIZI,"1673,9",30.00,"1171,73"
18K18521,Önü Düğmeli Dantelli Hamile Lohusa Gecelik,YEŞİL,"1727,9",30.00,"1209,53"
18K18610,Göğüs ve Sırt Dekolteli Dantelli ve Yırtmaçlı Saten Gecelik,SİYAH,"2633,9",30.00,"1843,73"
18K18611,Dantelli Tüllü ve Dekolteli Saten Sabahlık Takımı,SİYAH,"3325,9",30.00,"2328,13"
18K18612,Dantelli ve Dekolteli Saten Şort Takımı,SİYAH,"2543,9",30.00,"1780,73"
18K18613,Dantelli ve Dekolteli Saten Sabahlık Takımı,SİYAH,"4545,9",30.00,"3182,13"
18K18614,Dantelli ve Dekolteli Saten Pijama Takımı,SİYAH,"3231,9",30.00,"2262,33"
18K18615,Uzun Kollu Dantelli ve Kuşaklı Sabahlık,SİYAH,"2805,9",30.00,"1964,13"
18K18616,Uzun Kollu Önü Düğmeli Gömlek Yaka Pijama Takımı,SİYAH,"2989,9",30.00,"2092,93"
18K18617,Uzun Kollu Dantelli ve Dekolteli Pijama Takımı,SİYAH,"2241,9",30.00,"1569,33"
18K18618,Dantelli Dekolteli ve Yırtmaçlı Gecelik,SİYAH,"1879,9",30.00,"1315,93"
18K18619,Kısa Kollu ve Dantelli V Yaka Pijama Takımı,SİYAH,"2185,9",30.00,"1530,13"
18K18620,Kısa Kollu ve Dantelli V Yaka Gecelik,SİYAH,"1813,9",30.00,"1269,73"
18K18621,Göğüs ve Sırt Dekolteli Dantelli Sabahlık Takımı,SİYAH,"3041,9",30.00,"2129,33"
18K18622,Göğüs ve Sırt Dekolteli Dantelli Şort Takımı,SİYAH,"1989,9",30.00,"1392,93"
18K18623,Dantelli ve Dekolteli Yırtmaçlı Gecelik,SİYAH,"1947,9",30.00,"1363,53"
18K18624,Dantelli Tüllü ve Dekolteli Saten Sabahlık Takımı,SİYAH,"4665,9",30.00,"3266,13"
18K18625,Dantelli Tüllü ve Dekolteli Saten Şort Takımı,SİYAH,"2455,9",30.00,"1719,13"
18K18626,Dantelli ve Tüllü Uzun Kollu Önü Düğmeli Saten Pijama Takımı,SİYAH,"3811,9",30.00,"2668,33"
18K18631,Göğüs ve Sırt Dekolteli Dantelli ve Yırtmaçlı Gecelik,SİYAH,"1961,9",30.00,"1373,33"
18K18632,Dantelli ve Dekolteli Yırtmaçlı Gecelik,SİYAH,"1899,9",30.00,"1329,93"
18K18655,Dantelli ve Dekolteli Yırtmaçlı Gecelik,BEYAZ,"1899,9",30.00,"1329,93"
18K18657,Dantelli ve Dekolteli Yırtmaçlı Gecelik,BEYAZ,"1989,9",30.00,"1392,93"
18K18658,Uzun Kollu Önü Düğmeli Gömlek Yaka Pijama Takımı,BEYAZ,"2989,9",30.00,"2092,93"
18K18659,Dantelli ve Dekolteli Saten Şort Takımı,BEYAZ,"2543,9",30.00,"1780,73"
18K18660,Dantelli ve Dekolteli Saten Sabahlık Takımı,BEYAZ,"4545,9",30.00,"3182,13"
18K18661,Dantelli ve Dekolteli Saten Pijama Takımı,BEYAZ,"3231,9",30.00,"2262,33"
18K18662,Uzun Kollu Dantelli ve Kuşaklı Sabahlık,BEYAZ,"2805,9",30.00,"1964,13"
18K18663,Göğüs ve Sırt Dekolteli Dantelli ve Yırtmaçlı Saten Gecelik,BEYAZ,"2633,9",30.00,"1843,73"
18K18664,Dantelli Tüllü ve Dekolteli Saten Sabahlık Takımı,BEYAZ,"3325,9",30.00,"2328,13"
18K18665,Göğüs ve Sırt Dekolteli Dantelli Saten Gecelik,BEYAZ,"2699,9",30.00,"1889,93"
18K18666,Dantelli Tüllü ve Dekolteli Saten Sabahlık Takımı,BEYAZ,"4665,9",30.00,"3266,13"
18K18667,Dantelli Tüllü ve Dekolteli Saten Şort Takımı,BEYAZ,"2455,9",30.00,"1719,13"
18K18668,Dantelli ve Tüllü Uzun Kollu Önü Düğmeli Saten Pijama Takımı,BEYAZ,"3811,9",30.00,"2668,33"
18Y18451,Yaprak ve Kuş Desenli Önü Boydan Düğmeli Alt Üst Takım,YEŞİL,"1254,9",35.00,"815,69"
19K19089,Çizgi Desenli Askılı Şort Takımı,MAVİ,"802,9",35.00,"521,89"
19K19128,Puantiye Desenli Püsküllü Kısa Kollu Kimono,BEYAZ,"1317,9",35.00,"856,64"
19K19157B,Dekolteli Brode Dantelli Büyük Beden Gecelik,PUDRA,"1222,9",35.00,"794,89"
19K19158B,Dekolteli Brode Dantelli Büyük Beden Kapri Takımı,PUDRA,"1270,9",35.00,"826,09"
19K19159,Dekolteli Brode Dantelli Sabahlık Takımı,GRİ,"1099,9",35.00,"714,94"
19K19160,Dekolteli Brode Dantelli Askılı Şort Takımı,GRİ,"1072,9",35.00,"697,39"
19K19161,Önü Düğmeli Brode Dantelli Pijama Takımı,GRİ,"1208,9",35.00,"785,79"
19K19162,Göğüs ve Sırt Dekolteli Brode Dantelli Yırtmaçlı Gecelik,EKRU,"1398,9",35.00,"909,29"
19K19163,Brode Dantelli Önü Düğmeli Şort Takımı,EKRU,"1013,9",35.00,"659,04"
19K19165,Göğüs ve Sırt Dekolteli Brode Dantelli Sabahlık Takımı,PUDRA,"1350,9",35.00,"878,09"
19K19166,Göğüs ve Sırt Dekolteli Brode Dantelli Şort Takımı,PUDRA,"1080,9",35.00,"702,59"
19K19167,Önü Düğmeli Brode Dantelli Kısa Kollu Gecelik,PUDRA,"1038,9",35.00,"675,29"
19K19168,Önü Düğmeli Brode Dantelli Pijama Takımı,PUDRA,"1189,9",35.00,"773,44"
19K19171,Önü Düğmeli Brode Dantelli Pijama Takımı,SİYAH,"899,9",35.00,"584,94"
19K19172,Önü Düğmeli Brode Dantelli Yırtmaçlı Kapri Takımı,SİYAH,"1204,9",35.00,"783,19"
19K19179B,Yakası Detaylı Brode Dantelli Büyük Beden Gecelik,VİZON,"1123,9",35.00,"730,54"
19K19180,Yakası Detaylı Brode Dantelli Kapri Takımı,VİZON,"1189,9",35.00,"773,44"
19K19180B,Yakası Detaylı Brode Dantelli Büyük Beden Kapri Takımı,VİZON,"1263,9",35.00,"821,54"
19K19185,Dekolteli Brode Dantelli Yırtmaç Detaylı Şort Takımı,GRİ,"1029,9",35.00,"669,44"
19K19188,Dekoteli Yakası Brode Dantelli Gecelik,EKRU,"963,9",35.00,"626,54"
19K19189,Dekolteli Brode Dantelli Yırtmaç Detaylı Şort Takımı,EKRU,"1097,9",35.00,"713,64"
19K19197,Dekolteli Brode Dantelli Yırtmaç Detaylı Şort Takımı,VİZON,"994,9",35.00,"646,69"
19K19214BAT,Yakası ve Omzu Dantelli Önü Düğmeli Büyük Beden Gecelik,PEMBE,"772,9",35.00,"502,39"
19K19215,Yakası ve Omzu Dantelli Önü Düğmeli Pijama Takımı,PEMBE,"1166,9",35.00,"758,49"
19K19224BAT,Önü Düğmeli Dantelli Büyük Beden Gecelik,BORDO,"778,9",35.00,"506,29"
19K19286,Brode Dantelli Önü Düğmeli Pijama Takımı,VİZON,"1186,9",35.00,"771,49"
19K19290,Dekolteli Brode Dantelli Askılı Şort Takımı,PARLEMENT MAVİSİ,"991,9",35.00,"644,74"
19K19291,Yakası Kolu ve Omzu Brode Dantelli Önü Düğmeli Gecelik,PARLEMENT MAVİSİ,"1071,9",35.00,"696,74"
19K19298,Brode Dantelli Önü Düğmeli Hamile Lohusa Pijama Takımı,PARLEMENT MAVİSİ,"1317,9",35.00,"856,64"
19K19310,Dekolteli Brode Dantelli Askılı Şort Takımı,KAHVE,"1300,9",35.00,"845,59"
19K19311,Yakası Kolu ve Omzu Brode Dantelli Önü Düğmeli Gecelik,KAHVE,"1609,9",35.00,"1046,44"
19K19313,Yakası Kolu ve Omzu Brode Dantelli Önü Düğmeli Gecelik,KAHVE,"1629,9",35.00,"1059,44"
19K19314,Göğüs ve Sırt Dekolteli Brode Dantelli Yırtmaçlı Gecelik,KAHVE,"1507,9",35.00,"980,14"
19K19315,Yakası ve Omzu Dantelli Önü Düğmeli Gecelik,KAHVE,"1953,9",30.00,"1367,73"
20K20120,Yakası Damla Detaylı Dantelli Gecelik,SİYAH,"772,9",35.00,"502,39"
20Y20005,Yaprak Desenli Önü Düğmeli Hamile Lohusa Gecelik,SİYAH,"812,9",35.00,"528,39"
20Y20015,"Koala Desenli ve Baskılı ""Donut Panic"" Şort Takımı",PEMBE,"789,9",35.00,"513,44"
20Y20023,Çiçek Desenli Dantelli Önü Düğmeli Şort Takımı,SİYAH,"801,9",35.00,"521,24"
20Y20049,"Kuş-Yaprak Desenli ve Baskılı ""Little"" Sabahlık Takımı",YEŞİL,"863,9",35.00,"561,54"
20Y20076,Çizgi Desenli Yırtmaçlı Önü Fermuarlı Elbise,SİYAH-BEYAZ,"755,9",35.00,"491,34"
21K21116,Balıkçı Yaka Lotus Çiçeği Nakışlı Alt Üst Takım,VİZON,"960,9",35.00,"624,59"
21K21117,Uzun Kollu Dantel Detaylı ve Önü Düğmeli Gecelik,VİZON,"845,9",35.00,"549,84"
21K21123,Balıkçı Yaka Lotus Çiçeği ve Çizgi Desenli Alt Üst Takım,YEŞİL,"894,9",35.00,"581,69"
21K21128,Çiçek ve Yaprak Desenli Düğmeli Gömlek Yakalı Saten Pijama Takımı,ANTRASİT,"1131,9",35.00,"735,74"
21K21133,Balıkçı Yaka Çizgi Desenli Alt Üst Takım,KİREMİT,"979,9",35.00,"636,94"
21K21150,Çiçek ve Yaprak Desenli Gömlek Yakalı Boydan Düğmeli Gecelik,YEŞİL,"889,9",35.00,"578,44"
21K21156,"Yazı Baskılı ""We Are Happy"" Pijama Takımı",TARÇIN,"1140,9",35.00,"741,59"
21K21158,"Desenli ve Baskılı Önü Düğmeli ""Hello Cold Days"" Gecelik",YEŞİL,"827,9",35.00,"538,14"
21K21165,"Hayvan Ve Yazı Desenli ""So Cute Smile Cool"" Gecelik",BORDO,"904,9",35.00,"588,19"
21K21168,"Ayıcık Baskılı Çizgili Puantiye Desenli ""Sleep Time"" Gecelik",BEJ,"835,9",35.00,"543,34"
21K21175,"Fermuarlı Kapüşonlu ""New York Touch"" Baskılı Eşofman Takımı",GRİ,"1295,9",35.00,"842,34"
21K21181,Önü Düğmeli Geyik Baykuş Penguen Tilki Desenli G,LACİVERT,"821,9",35.00,"534,24"
21Y21000,Etnik Desenli Derin Yakalı Dökümlü Elbise,BORDO,"922,9",35.00,"599,89"
21Y21001,Etnik Desenli V Yakalı Dökümlü Elbise,BORDO,"929,9",35.00,"604,44"
21Y21007,Kuş ve Yaprak Desenli Önü Düğmeli Elbise,PETROL MAVİSİ,"911,9",35.00,"592,74"
21Y21009,Kuş ve Yaprak Desenli Omzu Açık Parçalı Elbise,PETROL MAVİSİ,"925,9",35.00,"601,84"
21Y21030,Yaprak Desenli Önü Boydan Düğmeli Parçalı Saten Elbise,VİŞNE,"960,9",35.00,"624,59"
21Y21032,Yaprak Desenli Kolu Fırfırlı Saten Alt Üst Takım,VİŞNE,"951,9",35.00,"618,74"
21Y21034,Yaprak Desenli Önü Boydan Düğmeli Saten Alt Üst Takım,VİŞNE,"1128,9",35.00,"733,79"
22K22103,Yaprak Desenli Gömlek Yakalı Boydan Düğmeli Pijama Takımı,SİYAH,"1595,9",35.00,"1037,34"
22K22112,Yakası Dantelli Nakışlı Pijama Takımı,TARÇIN,"1234,9",35.00,"802,69"
22K22113,"Çiçek Baskılı ""Dream It Wish It!"" Pijama Takımı",TARÇIN,"1202,9",35.00,"781,89"
22K22124,Etnik Desenli Gömlek Yakalı Önü Boydan Düğmeli Pijama Takımı,LACİVERT,"1613,9",35.00,"1049,04"
22K22130,Çiçek ve Yaprak Desenli Düğmeli Gömlek Yakalı Pijama Takımı,LACİVERT,"1377,9",35.00,"895,64"
22K22131,Dantelli ve Bağcık Detaylı Pijama Takımı,LACİVERT,"1225,9",35.00,"796,84"
22Y22007,Çiçek ve Yaprak Desenli Uzun Kollu Elbise,LACİVERT,"1220,9",35.00,"793,59"
22Y22014,Çiçek ve Yaprak Desenli Kuşaklı Sabahlık,LACİVERT,"1368,9",35.00,"889,79"
22Y22017,Çiçek ve Etnik Desenli Yakası Dantelli Önü Düğmeli Elbise,SİYAH,"1016,9",35.00,"660,99"
22Y22024,Çiçek ve Yaprak Desenli Elbise,YEŞİL,"1027,9",35.00,"668,14"
22Y22032,Desenli Puantiyeli Gömlek Yakalı Elbise,SİYAH-BEYAZ,"1353,9",35.00,"880,04"
22Y22034,Desenli Puantiyeli Gömlek Yakalı Pijama Takımı,SİYAH-BEYAZ,"1363,9",35.00,"886,54"
22Y22036,Puantiye Desenli V Yakalı Elbise,SİYAH-BEYAZ,"1120,9",35.00,"728,59"
22Y22038,Kuşak ve Dantel Detaylı Elbise,SİYAH,"1220,9",35.00,"793,59"
22Y22040,Puantiye Desenli Kolsuz Alt Üst Takım,SİYAH-BEYAZ,"984,9",35.00,"640,19"
22Y22041,Desenli Puantiyeli Yırtmaç Detaylı Sabahlık,SİYAH-BEYAZ,"1296,9",35.00,"842,99"
22Y22045,Çiçek ve Yaprak Desenli Sırt Dekolteli Elbise,TURUNCU,"1177,9",35.00,"765,64"
22Y22049,Çiçek ve Yaprak Desenli Uzun Kollu Elbise,SİYAH,"1177,9",35.00,"765,64"
22Y22053,Çiçek ve Yaprak Desenli Önü Düğmeli Elbise,SİYAH,"1093,9",35.00,"711,04"
22Y22069,Çiçek ve Yaprak Desenli Önü Düğmeli Gecelik,SİYAH,"908,9",35.00,"590,79"
22Y22073,Kapüşonlu Create Your New World Alt Üst Takım,YEŞİL,"1239,9",35.00,"805,94"
22Y22075,Kısa Kollu Nothing Changes Alt Üst Takım,EKRU,"1061,9",35.00,"690,24"
22Y22077,Kapüşonlu We All Need Change 3'lü Alt Üst Takım,MOR,"1279,9",35.00,"831,94"
22Y22080,"Afrika Etnik Baskılı Dantelli ""Africa Style"" Gecelik",BEJ,"869,9",35.00,"565,44"
22Y22081,"Afrika Etnik Desenli Dantelli ""Africa Style"" Şort Takımı",BEJ,"901,9",35.00,"586,24"
22Y22084,"Kedi ve Kalp Desenli ""Let's Make Happen"" Baskılı Şort Takımı",SOMON,"865,9",35.00,"562,84"
22Y22090,"Kiraz Baskılı ve Desenli Sırt Dekolteli ""Cherry"" Şort Takımı",SOMON,"890,9",35.00,"579,09"
22Y22092,Çiçek ve Yaprak Desenli Saten Etek Takımı,SİYAH,"1119,9",35.00,"727,94"
22Y22093,Çiçek ve Yaprak Desenli Önü Boydan Düğmeli Saten Elbise,SİYAH,"1372,9",35.00,"892,39"
22Y22094,"Yazı, Güneş ve Palmiye Baskılı ""Long Beach"" Pijama Takımı",BEYAZ,"1061,9",35.00,"690,24"
23K23120,Etnik Desenli Önü Düğmeli Alt Üst Takım,MOR,"2343,9",30.00,"1640,73"
23K23121,Etnik Desenli Sabahlık Takımı,MOR,"2859,9",30.00,"2001,93"
23K23122,Etnik Desenli 3'lü Pijama Takımı,MOR,"2999,9",30.00,"2099,93"
23K23123,Etnik Desenli Uzun Kollu Alt Üst Takım,MOR,"2058,9",30.00,"1441,23"
23K23124,Uzun Kollu Önü Düğmeli Kadife Alt Üst Takım,SİYAH,"1965,9",30.00,"1376,13"
23K23125,Uzun Kollu Yırtmaç Detaylı Kadife Elbise,SİYAH,"1227,9",30.00,"859,53"
23K23127,Uzun Kollu Kemer Detaylı Kadife Tulum,SİYAH,"1757,9",30.00,"1230,53"
23K23128,Desenli Sabahlık Takımı,SİYAH,"3139,9",30.00,"2197,93"
23K23130,Desenli Truvakar Kollu Saten Elbise,SİYAH,"2315,9",30.00,"1621,13"
23K23132,Uzun Kollu Saten Elbise,SİYAH,"2243,9",30.00,"1570,73"
23K23133,Desenli Uzun Kollu Saten Elbise,SİYAH,"2065,9",30.00,"1446,13"
23K23134,Desenli Uzun Kollu Düğmeli Saten Etek Takımı,SİYAH,"2331,9",30.00,"1632,33"
23K23135,Çiçek Desenli Dantelli ve Dekolteli Saten Sabahlık Takımı,YEŞİL,"3299,9",30.00,"2309,93"
23K23136,Çiçek Desenli 3'lü Saten Pijama Takımı,YEŞİL,"3379,9",30.00,"2365,93"
23K23137,Çiçek Desenli Truvakar Kollu Saten Elbise,YEŞİL,"2186,9",30.00,"1530,83"
23K23138,Çiçek Desenli Uzun Kollu Saten Alt Üst Takım,YEŞİL,"2257,9",30.00,"1580,53"
23K23139,Dantelli ve Dekolteli Kadife Sabahlık Takımı,BORDO,"2445,9",30.00,"1712,13"
23K23144,Çiçek ve Yaprak Desenli Önü Düğmeli Pijama Takımı,BORDO,"1754,9",30.00,"1228,43"
23K23146,"Çiçek ve Yaprak Desenli ""I'm Living In a Dreamland"" Pijama Takımı",BORDO,"1389,9",30.00,"972,93"
23K23148,Yaprak Desenli 3'lü Alt Üst Takım,YEŞİL,"2599,9",30.00,"1819,93"
23K23149,Yaprak Desenli Uzun Kollu Alt Üst Takım,YEŞİL,"1988,9",30.00,"1392,23"
23K23151,Desenli Önü Düğmeli Uzun Kollu 3'lü Alt Üst Takım,SİYAH,"1947,9",30.00,"1363,53"
23K23152,Desenli Uzun Kollu Alt Üst Takım,SİYAH,"1699,9",30.00,"1189,93"
23K23153,Desenli Uzun Kollu Elbise,SİYAH,"1566,9",30.00,"1096,83"
23K23154,Desenli Uzun Kollu Alt Üst Takım,TABA,"1736,9",30.00,"1215,83"
23K23155,Desenli 3'lü Alt Üst Takım,TABA,"2082,9",30.00,"1458,03"
23K23157,Kruvaze Yaka Kadife Pijama Takımı,YEŞİL,"2179,9",30.00,"1525,93"
23K23158,A star is born! Kadife Pijama Takımı,YEŞİL,"1836,9",30.00,"1285,83"
23K23159,Etnik Desenli Dantelli Sabahlık Takımı,MÜRDÜM,"2129,9",30.00,"1490,93"
23K23162,Yaprak Desenli Dantelli ve Dekolteli Sabahlık Takımı,LACİVERT,"1770,9",30.00,"1239,63"
23K23167,"Yaprak Desenli ""Romantic Life"" Sabahlık Takımı",LACİVERT,"1900,9",30.00,"1330,63"
23K23168,"Yaprak Desenli ""Romantic Life"" Pijama Takımı",LACİVERT,"1558,9",30.00,"1091,23"
23K23170,Yaprak Desenli Dantelli ve Dekolteli Sabahlık Takımı,SİYAH,"1751,9",30.00,"1226,33"
23K23171,"Yaprak Desenli ""Natural Vibes"" Pijama Takımı",SİYAH,"1512,9",30.00,"1059,03"
23K23172,"Yaprak Desenli ""Natural Vibes"" Şort Takımı",SİYAH,"1290,9",30.00,"903,63"
23K23174,Etnik Desenli Dantelli ve Dekolteli Sabahlık Takımı,MÜRDÜM,"1826,9",30.00,"1278,83"
23K23175,Etnik Desenli Dantelli Pijama Takımı,MÜRDÜM,"1506,9",30.00,"1054,83"
23K23176,Etnik Desenli Dantelli Şort Takımı,MÜRDÜM,"1293,9",30.00,"905,73"
23Y23000,Çiçek ve Yaprak Desenli Saten Sabahlık Takımı,PEMBE,"2719,9",35.00,"1767,94"
23Y23001,Çiçek ve Yaprak Desenli Saten Pijama Takımı,PEMBE,"2331,9",35.00,"1515,74"
23Y23002,Çiçek Yaprak ve Etnik* Desenli Saten Etek Takımı,PEMBE,"1898,9",35.00,"1234,29"
23Y23003,Çiçek Yaprak ve Etnik Desenli Önü Düğmeli Saten Alt Üst Takım,PEMBE,"2026,9",35.00,"1317,49"
23Y23005,Etnik Desenli Saten Alt Üst Takım,RENKLİ GEOMETRİK,"2132,9",35.00,"1386,39"
23Y23006,Etnik Desenli Saten Tulum,RENKLİ GEOMETRİK,"1962,9",35.00,"1275,89"
23Y23007,Etnik Desenli Saten Etek Takımı,RENKLİ GEOMETRİK,"1752,9",35.00,"1139,39"
23Y23008,Etnik Desenli Saten Alt Üst Takım,RENKLİ GEOMETRİK,"1888,9",35.00,"1227,79"
23Y23014,Yaprak Desenli Kısa Kollu Elbise,YEŞİL,"1557,9",35.00,"1012,64"
23Y23015,Yaprak Desenli Kısa Kollu Alt Üst Takım,YEŞİL,"1604,9",35.00,"1043,19"
23Y23016,Etnik Desenli Alt Üst Takım,LACİVERT,"1959,9",35.00,"1273,94"
23Y23017,Etnik Desenli Truvakar Kollu Elbise,LACİVERT,"1770,9",35.00,"1151,09"
23Y23018,Etnik Desenli Truvakar Kollu Alt Üst Takım,LACİVERT,"1545,9",35.00,"1004,84"
23Y23020,Çiçek Desenli Elbise,LACİVERT,"1780,9",35.00,"1157,59"
23Y23021,Çiçek Desenli Truvakar Kollu Elbise,LACİVERT,"1618,9",35.00,"1052,29"
23Y23022,Çiçek Desenli Truvakar Kollu Elbise,LACİVERT,"1502,9",35.00,"976,89"
23Y23025,Çiçek Desenli Elbise,SİYAH,"1579,9",35.00,"1026,94"
23Y23026,Çiçek Desenli Yırtmaç Detaylı Alt Üst Takım,SİYAH,"1956,9",35.00,"1271,99"
23Y23027,Gömlek Yakalı Kısa Kollu Elbise,SİYAH,"2087,9",35.00,"1357,14"
23Y23028,Dantelli Dekolteli ve Yırtmaçlı Sabahlık Takımı,SİYAH,"2144,9",35.00,"1394,19"
23Y23029,Çiçek Desenli Gömlek Yakalı Elbise,SİYAH,"2064,9",35.00,"1342,19"
23Y23031,Yaprak Desenli Uzun Kollu Saten Elbise,LACİVERT,"1696,9",35.00,"1102,99"
23Y23032,Yaprak Desenli Saten Etek Takımı,LACİVERT,"1494,9",35.00,"971,69"
23Y23033,Kısa Kollu Yrtmaç Detaylı Saten Elbise,LACİVERT,"1179,9",35.00,"766,94"
23Y23037,Yaprak Desenli Kısa Kollu Saten Elbise,LACİVERT,"1382,9",35.00,"898,89"
23Y23038,Dantelli Dekolteli Yaprak Desenli Saten Sabahlık Takımı,LACİVERT,"2249,9",35.00,"1462,44"
23Y23039,Yaprak Desenli Kuşak Detaylı Saten Alt Üst Takım,LACİVERT,"1832,9",35.00,"1191,39"
23Y23041,Yaprak Desenli Sıfır Kol Saten Alt Üst Takım,LACİVERT,"1252,9",35.00,"814,39"
23Y23042,Yaprak Desenli Yırtmaçlı Saten Sabahlık,LACİVERT,"1609,9",35.00,"1046,44"
23Y23043,Etnik Desenli 3'lü Alt Üst Takım,SİYAH,"2064,9",35.00,"1342,19"
23Y23046,Etnik Desenli Elbise,SİYAH,"1797,9",35.00,"1168,64"
23Y23047,Etnik Desenli Bağcık Detaylı Tulum,SİYAH,"1130,9",35.00,"735,09"
23Y23049,Etnik Desenli Gömlek Yakalı Önü Düğmeli Elbise,İNDİGO,"2061,9",35.00,"1340,24"
23Y23050,Etnik Desenli Gömlek Yakalı Önü Düğmeli Alt Üst Takım,İNDİGO,"1751,9",35.00,"1138,74"
23Y23052,Etnik Desenli Truvakar Kollu Elbise,MOR,"1798,9",35.00,"1169,29"
23Y23053,Etnik Desenli Sıfır Kol 3'lü Alt Üst Takım,MOR,"2261,9",35.00,"1470,24"
23Y23056,Etnik Desenli İp Askılı Tulum,MOR,"1388,9",35.00,"902,79"
23Y23057,Etnik Desenli Sıfır Kol Alt Üst Takım,MOR,"1232,9",35.00,"801,39"
23Y23059,Çiçek Desenli Kısa Kollu Alt Üst Takım,SİYAH,"1482,9",35.00,"963,89"
23Y23061,Çiçek Desenli Yırtmaçlı Etek Takımı,SİYAH,"1379,9",35.00,"896,94"
23Y23062,Etnik Desenli 3'lü Alt Üst Takım,LACİVERT,"1994,9",35.00,"1296,69"
23Y23064,Etnik Desenli Truvakar Kollu V Yaka Elbise,LACİVERT,"1627,9",35.00,"1058,14"
23Y23065,Etnik Desenli Tulum,LACİVERT,"1724,9",35.00,"1121,19"
23Y23066,Etnik Desenli Kısa Kollu Yırtmaçlı Elbise,LACİVERT,"1545,9",35.00,"1004,84"
23Y23070,Çiçek Desenli Kare Yaka Askılı Elbise,MOR,"1816,9",35.00,"1180,99"
23Y23071,Çiçek Desenli Kalın Askılı Etek Takımı,MOR,"1356,9",35.00,"881,99"
23Y23072,Çiçek Desenli V Yaka Alt Üst Takım,MOR,"1454,9",35.00,"945,69"
23Y23073,Çiçek Desenli Kısa Kollu Elbise,MOR,"1689,9",35.00,"1098,44"
23Y23074,Kısa Kollu V Yaka Elbise,SİYAH,"2402,9",35.00,"1561,89"
23Y23075,Truvakar Kollu V Yaka Elbise,SİYAH,"1956,9",35.00,"1271,99"
23Y23076,Truvakar Kollu V Yaka Elbise,SİYAH,"1877,9",35.00,"1220,64"
23Y23077,Truvakar Kollu V Yaka Elbise,BEYAZ,"2951,9",35.00,"1918,74"
23Y23078,Kayık Yakalı Elbise,BEYAZ,"2288,9",35.00,"1487,79"
23Y23079,Truvakar Kollu Önü Düğmeli Elbise,BEYAZ,"1893,9",35.00,"1231,04"
23Y23080,Çiçek Desenli Kısa Kollu Elbise,TURUNCU,"1857,9",35.00,"1207,64"
23Y23081,Çiçek Desenli Kısa Kollu Elbise,TURUNCU,"1613,9",35.00,"1049,04"
23Y23084,Kısa Kollu Stay Strong 3'lü Crop Alt Üst Takım,YEŞİL,"1384,9",35.00,"900,19"
23Y23085,"Kısa Kollu ""Stay Strong"" Eşofman Takımı",YEŞİL,"1856,9",35.00,"1206,99"
23Y23086,"Kısa Kollu ""Stay Strong"" Crop Eşofman Takımı",YEŞİL,"1619,9",35.00,"1052,94"
23Y23087,"Kısa Kollu ""Calm Down"" Eşofman Takımı",PEMBE,"1621,9",35.00,"1054,24"
23Y23088,Kısa Kollu Calm Down 3'lü Crop Alt Üst Takım,PEMBE,"1476,9",35.00,"959,99"
23Y23089,"Kapüşonlu ""Calm Down"" Eşofman Takımı",PEMBE,"1805,9",35.00,"1173,84"
23Y23090,"Kısa Kollu ""Never Give Up"" 3'lü Crop Eşofman Takımı",MAVİ,"1800,9",35.00,"1170,59"
23Y23091,Kapüşonlu 3'lü Crop Alt Üst Takım,MAVİ,"1697,9",35.00,"1103,64"
23Y23092,"Kısa Kollu ""Never Give Up"" Eşofman Takımı",MAVİ,"1219,9",35.00,"792,94"
23Y23093,"Çizgi Desenli ""Fearless"" Pijama Takımı",SİYAH-BEYAZ,"1558,9",35.00,"1013,29"
23Y23096,"Kapüşonlu ""Never Give Up"" Eşofman Takımı",SİYAH,"1789,9",35.00,"1163,44"
23Y23097,Kısa Kollu Baskılı Alt Üst Takım,SİYAH,"1249,9",35.00,"812,44"
23Y23098,"Çiçek ve Yaprak Baskılı ""Summer Vocation"" Pijama Takımı",LACİVERT,"1314,9",35.00,"854,69"
23Y23099,"Çiçek ve Yaprak Baskılı ""A Beautiful Summer Vocation"" Şort Takımı",LACİVERT,"1203,9",35.00,"782,54"
23Y23100,"Çiçek ve Yaprak Baskılı ""Summer Vocation"" Gecelik",LACİVERT,"1104,9",35.00,"718,19"
23Y23101,"Çiçek ve Yaprak Desenli ve Baskılı ""A Beautiful Summer Vocation"" Kapri Takımı",LACİVERT,"1254,9",35.00,"815,69"
23Y23102,Desenli ve Dantelli Sabahlık Takımı,ANTRASİT,"1569,9",35.00,"1020,44"
23Y23105,"Desenli Kısa Kollu ""Less Mondey More Coffee"" Pijama Takımı",ANTRASİT,"1361,9",35.00,"885,24"
23Y23106,Kısa Kollu Önü Düğmeli Gecelik,ANTRASİT,"1139,9",35.00,"740,94"
23Y23109,Kısa Kollu Desenli Gecelik,SARI,"1042,9",35.00,"677,89"
24K24140,Yaprak Desenli Dantelli ve Dekolteli Sabahlık Takımı,LACİVERT,"3717,9",30.00,"2602,53"
24K24141,Yaprak Desenli Uzun Kollu V Yaka Pijama Takımı,LACİVERT,"2823,9",30.00,"1976,73"
24K24142,Dantelli ve Dekolteli Kadife Sabahlık Takımı,LACİVERT,"3417,9",30.00,"2392,53"
24K24143,Yaprak Desenli ve Dantelli 3'lü Pijama Takımı,LACİVERT,"4271,9",30.00,"2990,33"
24K24146,Çiçek Yaprak ve Etnik Desenli Pijama Takımı,SİYAH,"3773,9",30.00,"2641,73"
24K24147,Çiçek Yaprak ve Etnik Desenli Dantelli ve Dekolteli Sabahlık Takımı,SİYAH,"3685,9",30.00,"2580,13"
24K24148,Çiçek Yaprak ve Etnik Desenli Dantelli 3'lü Pijama Takımı,SİYAH,"3997,9",30.00,"2798,53"
24K24149,Çiçek Yaprak ve Etnik Desenli Uzun Kollu Pijama Takımı,SİYAH,"3081,9",30.00,"2157,33"
24K24152,Uzun Kollu V Yaka Pijama Takımı,SİYAH,"2363,9",30.00,"1654,73"
24K24154,Uzun Kollu Önü Düğmeli V Yaka Pijama Takımı,YEŞİL,"2471,9",30.00,"1730,33"
24K24156,Uzun Kollu V Yaka Pijama Takımı,YEŞİL,"2371,9",30.00,"1660,33"
24K24159,Uzun Kollu ve Dantelli Pijama Takımı,MÜRDÜM,"2410,9",30.00,"1687,63"
24K24161,Çiçek ve Yaprak Desenli Dantelli ve Dekolteli Sabahlık Takımı,YEŞİL,"3085,9",30.00,"2160,13"
24K24162,Çiçek ve Yaprak Desenli Önü Düğmeli Pijama Takımı,YEŞİL,"2510,9",30.00,"1757,63"
24K24163,Çiçek ve Yaprak Desenli Dantelli Hamile Lohusa Sabahlık Takımı,YEŞİL,"3100,9",30.00,"2170,63"
24K24164,Çiçek ve Yaprak Desenli Dantelli Hamile Lohusa 3'lü Pijama Takımı,YEŞİL,"3226,9",30.00,"2258,83"
24K24165,Yaprak Desenli Yırtmaçlı Dantelli ve Dekolteli Sabahlık Takımı,SOMON,"3125,9",30.00,"2188,13"
24K24165BAT,Yaprak Desenli Yırtmaçlı Dantelli ve Dekolteli Büyük Beden Sabahlık Takımı,SOMON,"3368,9",30.00,"2358,23"
24K24166,Yaprak Desenli Dantelli V Yaka Pijama Takımı,SOMON,"2554,9",30.00,"1788,43"
24K24166BAT,Yaprak Desenli Dantelli V Yaka Büyük Beden Pijama Takımı,SOMON,"2770,9",30.00,"1939,63"
24K24167,Çiçek ve Yaprak Desenli Dantelli ve Dekolteli Sabahlık Takımı,YEŞİL,"3102,9",30.00,"2172,03"
24K24167BAT,Çiçek ve Yaprak Desenli Dantelli ve Dekolteli Büyük Beden Sabahlık Takımı,YEŞİL,"3368,9",30.00,"2358,23"
24K24168BAT,Çiçek ve Yaprak Desenli Dantelli Büyük Beden Pijama Takımı,YEŞİL,"2734,9",30.00,"1914,43"
24K24169BAT,Çiçek ve Yaprak Desenli V Yaka Büyük Beden Kapri Takımı,YEŞİL,"2458,9",30.00,"1721,23"
24Y24001,Etnik Desenli 3'lü Alt Üst Takım,SİYAH,"3275,9",30.00,"2293,13"
24Y24003,Etnik Desenli Kuşaklı Elbise,SİYAH,"3552,9",30.00,"2487,03"
24Y24005,Etnik Desenli Önü Düğmeli Alt Üst Takım,SİYAH,"2494,9",30.00,"1746,43"
24Y24010,Çiçek ve Yaprak Desenli Truvakar Kollu Elbise,MOR,"2910,9",30.00,"2037,63"
24Y24011,Çiçek ve Yaprak Desenli Elbise,MOR,"2416,9",30.00,"1691,83"
24Y24012,Çiçek ve Yaprak Desenli İp Askılı Tulum,MOR,"2550,9",30.00,"1785,63"
24Y24013,Çiçek ve Yaprak Desenli 3'lü Alt Üst Takım,MOR,"3044,9",30.00,"2131,43"
24Y24017,Çiçek ve Yaprak Desenli Kısa Kollu Elbise,YEŞİL,"3057,9",30.00,"2140,53"
24Y24020,Çiçek ve Yaprak Desenli Alt Üst Takım,YEŞİL,"2044,9",30.00,"1431,43"
24Y24021,Çiçek ve Yaprak Desenli 3'lü Alt Üst Takım,YEŞİL,"3622,9",30.00,"2536,03"
24Y24022,Çiçek ve Yaprak Desenli Alt Üst Takım,YEŞİL,"2373,9",30.00,"1661,73"
24Y24023,Çiçek ve Yaprak Desenli Önü Düğmeli Elbise,SİYAH,"2674,9",30.00,"1872,43"
24Y24024,Çiçek ve Yaprak Desenli Truvakar Kollu Elbise,SİYAH,"2787,9",30.00,"1951,53"
24Y24025,Çiçek ve Yaprak Desenli Etek Takımı,SİYAH,"2329,9",30.00,"1630,93"
24Y24026,Çiçek ve Yaprak Desenli Önü Düğmeli Elbise,SİYAH,"2336,9",30.00,"1635,83"
24Y24028,Çiçekve Yaprak Deseni V Yaka Alt Üst Takım,SİYAH,"2013,9",30.00,"1409,73"
24Y24032,Yaprak Desenli Önü Düğmeli Gömlek Yaka Alt Üst Takım,LACİVERT,"2512,9",30.00,"1759,03"
24Y24034,Çiçek ve Yaprak Desenli Kuşaklı Elbise,SARI,"2420,9",30.00,"1694,63"
24Y24037,Çiçek ve Yaprak Desenli Önü Düğmeli Alt Üst Takım,SARI,"2516,9",30.00,"1761,83"
24Y24040,Desenli 3'lü Alt Üst Takım,TARÇIN,"3266,9",30.00,"2286,83"
24Y24043,Kısa Kollu Bisiklet Yaka Alt Üst Takım,TARÇIN,"2675,9",30.00,"1873,13"
24Y24044,Kısa Kollu Bisiklet Yaka Alt Üst Takım,TARÇIN,"2364,9",30.00,"1655,43"
24Y24045,Yaprak Desenli Dantelli ve Dekolteli Saten Sabahlık Takımı,MOR,"3171,9",30.00,"2220,33"
24Y24046,Yaprak Desenli ve Dantelli Saten Şort Takımı,MOR,"1963,9",30.00,"1374,73"
24Y24048,Çiçek ve Yaprak Desenli Önü Düğmeli Alt Üst Takım,SARI,"2373,9",30.00,"1661,73"
24Y24050,"Çiçek ve Yaprak Desenli ve Baskılı ""You Are Beautiful"" Sabahlık Takımı",SARI,"2545,9",30.00,"1782,13"
24Y24051,Çiçek ve Yaprak Desenli Dantelli ve Dekolteli Sabahlık Takımı,SİYAH,"3057,9",30.00,"2140,53"
24Y24055,Çiçek ve Yaprak Desenli Önü Düğmeli Elbise,SİYAH,"2316,9",30.00,"1621,83"
24Y24057,Kısa Kollu Bisiklet Yaka Alt Üst Takım,YEŞİL,"2692,9",30.00,"1885,03"
24Y24059,Kısa Kollu Bisiklet Yaka Alt Üst Takım,KAHVE,"2418,9",30.00,"1693,23"
24Y24060,Kısa Kollu Bisiklet Yaka Alt Üst Takım,ANTRASİT,"2418,9",30.00,"1693,23"
24Y24062,Kısa Kollu V Yaka Alt Üst Takım,İNDİGO,"2364,9",30.00,"1655,43"
24Y24064,Kısa Kollu Oyuk Yaka Alt Üst Takım,YEŞİL,"2289,9",30.00,"1602,93"
24Y24066,Etnik Desenli ve Dantelli Sabahlık Takımı,YEŞİL,"2332,9",30.00,"1633,03"
24Y24066BAT,Etnik Desenli ve Dantelli Büyük Beden Sabahlık Takımı,YEŞİL,"2906,9",30.00,"2034,83"
24Y24069,Dantelli Önü Düğmeli Hamile Lohusa Gecelik,YEŞİL,"1868,9",30.00,"1308,23"
24Y24071,Çiçek ve Yaprak Desenli Dantelli Hamile Lohusa Sabahlık Takımı,YEŞİL,"2516,9",30.00,"1761,83"
24Y24072,Çiçek Desenli ve Dantelli Sabahlık Takımı,PEMBE,"2156,9",30.00,"1509,83"
24Y24073,"Çiçek Desenli ve Baskılı ""You are Awesome"" Şort Takımı",PEMBE,"1737,9",30.00,"1216,53"
24Y24075,"Çiçek Desenli ve Baskılı ""You are Awesome"" Kapri Takımı",PEMBE,"1961,9",30.00,"1373,33"
24Y24078,Dantelli Önü Düğmeli Hamile Lohusa Gecelik,PEMBE,"1868,9",30.00,"1308,23"
24Y24079,Çiçek Desenli Önü Düğmeli Sabahlık Takımı,KAHVE,"2228,9",30.00,"1560,23"
24Y24080,Çiçek Deseni V Yaka Şort Takımı,KAHVE,"1736,9",30.00,"1215,83"
24Y24081,Çiçek Deseni V Yaka Pijama Takımı,KAHVE,"2016,9",30.00,"1411,83"
24Y24083,Etnik Deseni ve Dantelli Sabahlık Takımı,YEŞİL,"2231,9",30.00,"1562,33"
24Y24086,Etnik Desenli Sabahlık Takımı,YEŞİL,"2113,9",30.00,"1479,73"
24Y24088,Etnik Desenli Kısa Kollu Şort Takımı,YEŞİL,"1790,9",30.00,"1253,63"
24Y24090,Yaprak Desenli Kısa Kollu Şort Takımı,AÇIK YEŞİL,"1796,9",30.00,"1257,83"
24Y24092,Çiçek ve Yaprak Desenli Dantelli Kapri Takımı,AÇIK YEŞİL,"1972,9",30.00,"1381,03"
24Y24093,Yaprak Desenli Dantelli Hamile Lohusa 3'lü Pijama Takımı,AÇIK YEŞİL,"2742,9",30.00,"1920,03"
24Y24094,Yaprak Desenli Dantelli Hamile Lohusa Sabahlık Takımı,AÇIK YEŞİL,"2590,9",30.00,"1813,63"
24Y24095,Yaprak Desenli Dantelli ve Dekolteli Sabahlık Takımı,SİYAH,"2157,9",30.00,"1510,53"
24Y24096,Yaprak Desenli ve Baskılı Önü Düğmeli Pijama Takımı,SİYAH,"2151,9",30.00,"1506,33"
24Y24097,"Yaprak Desenli ve Baskılı ""o Segredo e se Permitir Florescer"" Şort Takımı",SİYAH,"1783,9",30.00,"1248,73"
24Y24099,"Yaprak Baskılı ""o Segredo e se Permitir Florescer"" Gecelik",SİYAH,"1572,9",30.00,"1101,03"
24Y24100,"Yaprak Desenli ve Baskılı ""o Segredo e se Permitir Florescer"" Kapri Takımı",SİYAH,"1927,9",30.00,"1349,53"
24Y24101,Çiçek ve Yaprak Desenli Dantelli ve Dekolteli Sabahlık Takımı,YEŞİL,"2234,9",30.00,"1564,43"
24Y24102,Çiçek ve Yaprak Desenli Dantelli Şort Takımı,YEŞİL,"1781,9",30.00,"1247,33"
24Y24103,Çiçek ve Yaprak Desenli ve Baskılı Pijama Takımı,YEŞİL,"2000,9",30.00,"1400,63"
24Y24104,Çiçek ve Yaprak Desenli ve Baskılı Kapri Takımı,YEŞİL,"1872,9",30.00,"1311,03"
24Y24106,"Yaprak Desenli ve Baskılı ""Tropical Vibes"" Şort Takımı",YEŞİL,"1742,9",30.00,"1220,03"
24Y24109,"Yaprak Desenli ve Baskılı ""Love Your Self"" Şort Takımı",SARI,"1749,9",30.00,"1224,93"
24Y24111,"Yaprak Desenli ve Baskılı ""Love Your Self"" Kapri Takımı",SARI,"1924,9",30.00,"1347,43"
24Y24113,"Desenli ve Baskılı ""See the World"" Pijama Takımı",YEŞİL,"2104,9",30.00,"1473,43"
24Y24114,"Dantelli ve Baskılı ""See the World"" Gecelik",YEŞİL,"1617,9",30.00,"1132,53"
24Y24115,"Desenli ve Baskılı ""See the World"" Kapri Takımı",YEŞİL,"2137,9",30.00,"1496,53"
24Y24116,"Meyve ve Yaprak Baskılı Dantelli ""Feel Good"" Gecelik",LACİVERT,"1596,9",30.00,"1117,83"
24Y24118,"Meyve ve Yaprak Desenli ve Baskılı ""Feel Good"" Şort Takımı",LACİVERT,"1786,9",30.00,"1250,83"
24Y24120,"Desenli ve Baskılı ""Yoga Sport"" Pijama Takımı",SARI,"2140,9",30.00,"1498,63"
24Y24121,"Desenli ve Baskılı ""Yoga Sport"" Şort Takımı",SARI,"1777,9",30.00,"1244,53"
24Y24122,"Desenli ve Baskılı ""Yoga Sport"" Kapri Takımı",SARI,"2060,9",30.00,"1442,63"
24Y24123,"Deniz Yıldızı Desenli ve Baskılı Önü Düğmeli ""Listen the Song of the Sea"" Şort Takımı",YAVRUAĞZI,"1831,9",30.00,"1282,33"
24Y24124,"Deniz Yıldızı Desenli ve Baskılı Önü Düğmeli ""Listen the Song of the Sea"" Pijama Takımı",YAVRUAĞZI,"2096,9",30.00,"1467,83"
24Y24125,"Deniz Yıldızı Desenli ve Baskılı Önü Düğmeli ""Listen the Song of the Sea"" Kapri Takımı",YAVRUAĞZI,"1959,9",30.00,"1371,93"
24Y24126,"Çizgi ve Kedi Desenli ve Basklılı ""Sweet Dreams"" Pijama Takımı",SİYAH,"2101,9",30.00,"1471,33"
24Y24127,"Çizgi Desenli Kedi Basklılı ""Sweet Dreams"" Gecelik",SİYAH,"1641,9",30.00,"1149,33"
24Y24128,"Kedi Desenli ve Basklılı ""Sweet Dreams"" Şort Takımı",SİYAH,"1730,9",30.00,"1211,63"
24Y24129,"Kedi Basklılı ""Sweet Dreams"" Gecelik",SİYAH,"1504,9",30.00,"1053,43"
24Y24132,Çiçek ve Yaprak Desenli Pijama Takımı,YEŞİL,"2602,9",30.00,"1822,03"
24Y24133,Çiçek ve Yaprak Desenli Baskılı Pijama Takımı,YEŞİL,"2322,9",30.00,"1626,03"
25Y25000,Etnik Desenli Kısa Kollu Önü Düğmeli V Yaka Elbise,,,,
25Y25002,Etnik Desenli Önü Düğeli V Yaka Elbise,,,,
25Y25009,Çizgi Desenli ve Dantelli 3'lü Alt Üst Takım,,,,
25Y25012,Yaprak Desenli Dekolteli V Yaka 3'lü Alt Üst Takım,,,,
25Y25013,Yaprak Desenli Önü Düğmeli Truvakar Kollu Elbise,,,,
25Y25014,Yaprak Desenli Kısa Kollu Gömlek Yaka Alt Üst Takım,,,,
25Y25015,Yaprak Desenli Önü Düğmeli Gömlek Yaka Alt Üst Takım,,,,
25Y25016,Yaprak Desenli Uzun Kollu Gömlek Yaka Alt Üst Takım,,,,
25Y25017,Desenli Önü Düğmeli Gömlek Yaka Alt Üst Takım,,,,
25Y25018,Desenli Truvakar Kollu Gömlek Yaka Elbise,,,,
25Y25020,Desenli V Yaka Askılı Alt Üst Takım,,,,
25Y25021,Etnik Desenli Truvakar Kollu Yırtmaçlı V Yaka Elbise,,,,
25Y25022,Etnik Desenli Önü Düğmeli Gömlek Yaka Alt Üst Takım,,,,
25Y25023,Etnik Desenli Truvakar Kollu V Yaka Elbise,,,,
25Y25024,Etnik Desenli Kısa Kollu Alt Üst Takım,,,,
25Y25027,Etnik Desenli Kısa Kollu V Yaka Alt Üst Takım,,,,
25Y25029,Etnik Desenli Yırtmaçlı V Yaka Askılı Alt Üst Takım,,,,
25Y25030,Etnik Desenli Oyuk Yaka Askılı Alt Üst Takım,,,,
25Y25031,Etnik Desenli Truvakar Kollu Önü Düğmeli V Yaka Elbise,,,,
25Y25032,Balık Desenli ve Baskılı Askılı 3'lü Alt Üst Takım,,,,
25Y25033,Balık Desenli Truvakar Kollu Gömlek Yaka Alt Üst Takım,,,,
25Y25034,Desenli Truvakar Kollu Önü Düğmeli V Yaka Elbise,,,,
25Y25035,Desenli Truvakar Kollu Önü Düğmeli V Yaka Alt Üst Takım,,,,
25Y25036,Desenli Askılı 3'lü Alt Üst Takım,,,,
25Y25037,Desenli Uzun Kollu Önü Düğmeli Gömlek Yaka Elbise,,,,
25Y25038,Desenli ve Dantelli Kısa Kollu Alt Üst Takım,,,,
25Y25040,Desenli Uzun Kollu Önü Düğmeli V Yaka Alt Üst Takım,,,,
25Y25041,Desenli Truvakar Kollu Yırtmaçlı V Yaka Elbise,,,,
25Y25042,Desenli Truvakar Kollu Önü Düğmeli V Yaka Elbise,,,,
25Y25044,Desenli Truvakar Kollu V Yaka Alt Üst Takım,,,,
25Y25045,Desenli ve Yırtmaçlı Uzun Kollu V Yaka Elbise,,,,
25Y25047,Desenli Uzun Kollu Önü Düğmeli Gömlek Yaka Alt Üst Takım,,,,
25Y25048,Desenli ve Yırtmaçlı Önü Düğmeli Gömlek Yaka Elbise,,,,
25Y25049,Desenli Önü Düğmeli Kısa  Kollu V Yaka Elbise,,,,
25Y25050,Desenli ve Dekolteli Dantelli Sabahlık Takımı,,,,
25Y25051,Desenli Kısa Kollu V Yaka Alt Üst Takım,,,,
25Y25052,Dantelli ve Desenli Kısa Kollu V Yaka Şort Takımı,,,,
25Y25053,Desenli ve Dantelli Hamile Lohusa Sabahlık Takımı,,"3730,9",30.00,"2611,63"
25Y25054,Desenli ve Dantelli Hamile Lohusa 3'lü Pijama Takımı,,"3730,9",30.00,"2611,63"
25Y25055,Çiçek Desenli Yırtmaçlı Truvakar Kollu V Yaka Elbise,,,,
25Y25056,Çiçek Desenli Askılı 3'lü Alt Üst Takım,,,,
25Y25057,Ççiçek Desenli Yırtmaçlı Askılı V Yaka Alt Üst Takım,,,,
25Y25058,Ççiçek Desenli Yırtmaçlı Önü Düğmeli Gömlek Yaka Elbise,,,,
25Y25059,Desenli Önü Düğmeli Uzun Kollu Gömlek Yaka Elbise,,,,
25Y25060,Desenli Önü Düğmeli Uzun Kollu Gömlek Yaka Alt Üst Takım,,,,
25Y25061,Desenli Önü Düğmeli Kısa Kollu V Yaka Elbise,,,,
25Y25062,Desenli Dantelli ve Dekolteli Sabahlık Takımı,,,,
25Y25063,Kısa Kollu Dantelli V Yaka Pijama Takımı,,,,
25Y25064,Dantelli ve Dekolteli Askılı V Yaka Şort Takımı,,,,
25Y25068,Yaprak Desenli Dantelli ve Dekolteli Saten Sabahlık Takımı,,,,
25Y25070,Yaprak Desenli Dantelli Askılı V Yaka Saten Şort Takımı,,,,
25Y25071,Yaprak Desenli Dantelli Kısa Kollu V Yaka Saten Alt Üst Takım,,,,
25Y25072,Kısa Kollu Bisiklet Yaka Alt Üst Takım,,,,
25Y25073,Kısa Kollu Bisiklet Yaka Alt Üst Takım,,,,
25Y25074,Kısa Kollu V Yaka Alt Üst Takım,,,,
25Y25075,Kısa Kollu Bisiklet Yaka Alt Üst Takım,,,,
25Y25076,Kısa Kollu V Yaka Alt Üst Takım,,,,
25Y25077,Kısa Kollu Bisiklet Yaka Alt Üst Takım,,,,
25Y25078,Kısa Kollu Bisiklet Yaka Alt Üst Takım,,,,
25Y25080,Kısa Kollu Bisiklet Yaka Alt Üst Takım,,,,
25Y25081,Kısa Kollu Bisiklet Yaka Alt Üst Takım,,,,
25Y25082,Kısa Kollu Kalın Askılı Alt Üst Takım,,,,
25Y25083,Kısa Kollu V Yaka Alt Üst Takım,,,,
25Y25085,Kısa Kollu Bisiklet Yaka Alt Üst Takım,,,,
25Y25086,Çiçek ve Yaprak Desenli Dantelli ve Dekolteli Sabahlık Takımı,,,,
25Y25086BAT,Çiçek ve Yaprak Desenli Dantelli ve Dekolteli Büyük Beden Sabahlık Takımı,,,,
25Y25087,Çiçek ve Yaprak Desenli Kısa Kollu V Yaka Pijama Takımı,,,,
25Y25087BAT,Çiçek ve Yaprak Desenli Kısa Kollu V Yaka Büyük Beden Pijama Takımı,,,,
25Y25088,Çiçek ve Yaprak Desenli Dantelli V Yaka Şort Takımı,,,,
25Y25089,Çiçek ve Yaprak Desenli Dantelli V Yaka Kapri Takımı,,,,
25Y25089BAT,Çiçek ve Yaprak Desenli Dantelli V Yaka Büyük Beden Kapri Takımı,,,,
25Y25090,Yaprak Desenli Dantelli ve Dekolteli Sabahlık Takımı,,,,
25Y25091BAT,Yaprak Desenli Dantelli Kısa Kollu V Yaka Büyük Beden Pijama Takımı,,,,
25Y25093,Yaprak Desenli Dantelli Kısa Kollu Kapri Takımı,,,,
25Y25093BAT,Yaprak Desenli Dantelli Kısa Kollu Büyük Beden Kapri Takımı,,,,
25Y25094,Yaprak Desenli ve Dantelli Hamile Lohusa Sabahlık Takımı,,"2904,9",30.00,"2033,43"
25Y25095,Yaprak Desenli ve Dantelli Hamile Lohusa 3'lü Pijama Takımı,,"3138,9",30.00,"2197,23"
25Y25096,Desenli ve Dantelli Kısa Kollu Pijama Takımı,,,,
25Y25098,Desenli ve Dantelli Kısa Kollu V Yaka Kapri Takımı,,,,
25Y25099,Desenli Kısa Kollu V Yaka Pijama Takımı,,,,
25Y25100,Desenli Kısa Kollu V Yaka Şort Takımı,,,,
25Y25101,Desenli Kısa Kollu Bisiklet Yaka Kapri Takımı,,,,
25Y25102,Etnik Desenli Dantelli ve Dekolteli Sabahlık Takımı,,,,
25Y25103,Etnik Desenli Kısa Kollu Önü Düğmeli Gömlek Yaka Alt Üst Takım,,,,
25Y25104,Göğüs ve Sırt Dekolteli Dantelli Yırtmaçlı Askılı Gecelik,,,,
25Y25105,Göğüs ve Sırt Dekolteli Dantelli Şort Takımı,,,,
25Y25106,Dantelli Kısa Kollu V Yaka Pijama Takımı,,,,
25Y25107,Etnik Desenli Dantelli Kısa Kollu V Yaka Pijama Takımı,,,,
25Y25108,Etnik Desenli Dantelli Kısa Kollu V Yaka Kapri Takımı,,,,
25Y25109,Etnik Desenli ve Dantelli Hamile Lohusa Sabahlık Takımı,,"3090,9",30.00,"2163,63"
25Y25110,Etnik Desenli ve Dantelli Hamile Lohusa 3'lü Pijama Takımı,,"3148,9",30.00,"2204,23"
25Y25111BAT,Etnik Desenli Kısa Kollu Bisiklet Yaka Büyük Beden Pijama Takımı,,,,
25Y25112,Etnik Desenli Kısa Kollu V Yaka Şort Takımı,,,,
25Y25114,Etnik Desenli Kısa Kollu V Yaka Pijama Takımı,,,,
25Y25115,Etnik Desenli Kısa Kollu Bisiklet Yaka Şort Takımı,,,,
25Y25116,Etnik Desenli Kısa Kollu Bisiklet Yaka Kapri Takımı,,,,
25Y25117,Etnik Desenli ve Dantelli Hamile Lohusa Sabahlık Takımı,,"2990,9",30.00,"2093,63"
25Y25118,Etnik Desenli ve Dantelli Hamile Lohusa 3'lü Pijama Takımı,,"3145,9",30.00,"2202,13"
25Y25119,Yaprak Desenli Kısa Kollu V Yaka Pijama Takımı,,,,
25Y25119BAT,Yaprak Desenli Kısa Kollu V Yaka Büyük Beden Pijama Takımı,,,,
25Y25120,Yaprak Desenli Askılı Bisiklet Yaka Şort Takımı,,,,
25Y25121,Yaprak Desenli Kısa Kollu V Yaka Kapri Takımı,,,,
25Y25121BAT,Yaprak Desenli Kısa Kollu V Yaka Büyük Beden Kapri Takımı,,,,
25Y25122,Yaprak Desenli ve Dantelli Hamile Lohusa Sabahlık Takımı,,"3056,9",30.00,"2139,83"
25Y25123,Yaprak Desenli ve Dantelli Hamile Lohusa 3'lü Pijama Takımı,,"3229,9",30.00,"2260,93"
25Y25124BAT,Desenli Kısa Kollu V Yaka Büyük Beden Pijama Takımı,,,,
25Y25125,Desenli Kısa Kollu Bisiklet Yaka Şort Takımı,,,,
25Y25126,Desenli Kısa Kollu V Yaka Kapri Takımı,,,,
25Y25126BAT,Desenli Kısa Kollu V Yaka Büyük Beden Kapri Takımı,,,,
25Y25127,Çiçek ve Yaprak Desenli Önü Düğmeli Gömlek Yaka Şort Takımı,,,,
25Y25128,Çiçek ve Yaprak Desenli Kısa Kollu Bisiklet Yaka Pijama Takımı,,,,
25Y25129,Çiçek ve Yaprak Desenli Kısa Kollu Bisiklet Yaka Kapri Takımı,,,,
K16051636701,Çiçek ve Yaprak Desenli Şort Takımı,,"725,9",35.00,"471,84"
Y13050368802,Desenli Dantelli Kelebek Nakışlı Şort Takımı,,"721,9",35.00,"469,24"
Y14020043401,Yakası ve Kol Ucu Dantelli Kurdele Detaylı Tek Sabahlık,,"695,9",35.00,"452,34"
Y14060031001,Çiçek Desenli Önü Düğmeli Gecelik,,"709,9",35.00,"461,44"
Y14060351501,"Desenli Önü Düğmeli ""Crazy"" Gecelik",,"739,9",35.00,"480,94"
Y17041710601,Çift Renk Bisiklet Yakalı Kısa Kollu Kapri Takımı,,"747,9",35.00,"486,14"
Y17061709301,Etnik Desenli Kalın Askılı Kuşaklı Gecelik,,"703,9",35.00,"457,54"
